experiment_name,cv_score,MEMO,board_score
20240121_baseline,0.5507117911692377,int型のデータのみを利用,0.5559524
20240126_01,0.5843621839265596,提供されているすべての特徴量を利用,0.6086068
